product_id,title,category,cover_link,current_price,n_review,avg_rating
303891,Điện thoại iPhone 15 Plus 128GB,Điện thoại,https://cdn.tgdd.vn/Products/Images/42/303891/iphone-15-plus-128gb-den-thumb-600x600.jpg,17990000,5,2.6
362374,Điện thoại Motorola Edge 70 8GB/256GB,Điện thoại,https://cdn.tgdd.vn/2026/06/timerseo/362374-600x600-2.jpg,13990000,2,4.0
342679,Điện thoại iPhone 17 Pro Max 256GB,Điện thoại,https://cdn.tgdd.vn/Products/Images/42/342679/iphone-17-pro-max-cam-thumb-600x600.jpg,36990000,5,2.6
342667,Điện thoại iPhone 17 256GB,Điện thoại,https://cdn.tgdd.vn/Products/Images/42/342667/iphone-17-xanh-thumb-600x600.jpg,23990000,5,4.4
363398,Điện thoại Samsung Galaxy A57 5G 8GB/128GB,Điện thoại,https://cdn.tgdd.vn/2026/06/timerseo/363398.jpg,12490000,1,5.0
361951,Điện thoại Samsung Galaxy S26 Ultra 5G 12GB/256GB,Điện thoại,https://cdn.tgdd.vn/2026/06/timerseo/361951-600x600-2.jpg,36990000,3,4.33
361270,Điện thoại Xiaomi 17 Ultra 5G 16GB/512GB,Điện thoại,https://cdn.tgdd.vn/2026/06/timerseo/361270.jpg,39990000,5,4.2
363438,Điện thoại realme P4 Power 5G 12GB/256GB,Điện thoại,https://cdn.tgdd.vn/Products/Images/42/363438/realme-p4-power-5g-12gb-256gb-cam-thumb-1-2-600x600.jpg,15490000,2,2.5
342676,Điện thoại iPhone 17 Pro 256GB,Điện thoại,https://cdn.tgdd.vn/Products/Images/42/342676/iphone-17-pro-xanh-duong-thumb-600x600.jpg,33990000,5,5.0
363401,Điện thoại Samsung Galaxy A37 5G 6GB/128GB,Điện thoại,https://cdn.tgdd.vn/Products/Images/42/363401/samsung-galaxy-a37-trang-thumb-600x600.jpg,9990000,2,5.0
361269,Điện thoại Xiaomi 17 5G 12GB/256GB,Điện thoại,https://cdn.tgdd.vn/Products/Images/42/361269/xiaomi-17-xanh-la-thumb-600x600.jpg,26990000,5,4.6
363466,Điện thoại Vivo V70 FE 5G 8GB/256GB,Điện thoại,https://cdn.tgdd.vn/Products/Images/42/363466/vivo-v70-fe-8gb-256gb-tim-thumb-1-600x600.jpg,13990000,2,3.5
358683,Điện thoại HONOR X9d 5G 12GB/256GB,Điện thoại,https://cdn.tgdd.vn/2026/06/timerseo/358683-600x600-1.jpg,11490000,5,4.2
338738,Điện thoại Samsung Galaxy Z Fold7 5G 12GB/256GB,Điện thoại,https://cdn.tgdd.vn/2026/06/timerseo/338738-600x600-2.jpg,40990000,2,5.0
363397,Điện thoại Samsung Galaxy A57 5G 8GB/256GB,Điện thoại,https://cdn.tgdd.vn/Products/Images/42/363397/samsung-galaxy-a57-xanh-thumb-600x600.jpg,12990000,4,3.0
335177,Điện thoại Samsung Galaxy A56 5G 8GB/128GB,Điện thoại,https://cdn.tgdd.vn/2026/06/timerseo/335177-600x600-2.jpg,9810000,4,3.5
333363,Điện thoại Samsung Galaxy S25 5G 12GB/256GB,Điện thoại,https://cdn.tgdd.vn/Products/Images/42/333363/samsung-galaxy-s25-green-thumbai-600x600.jpg,21380000,5,3.6
341688,Điện thoại Samsung Galaxy A17 5G 8GB/128GB,Điện thoại,https://cdn.tgdd.vn/Products/Images/42/341688/galaxy-a17-5g-gray-thumbai-600x600.jpg,6390000,5,2.6
342560,Điện thoại Samsung Galaxy S25 FE 5G 8GB/128GB,Điện thoại,https://cdn.tgdd.vn/Products/Images/42/342560/samsung-galaxy-s25-fe-blue-thumbai-600x600.jpg,16490000,5,3.6
341802,Điện thoại Samsung Galaxy A07 4GB/64GB,Điện thoại,https://cdn.tgdd.vn/2026/06/timerseo/341802-600x600-2.jpg,3290000,5,4.6
341797,Điện thoại Samsung Galaxy A17 4GB/128GB,Điện thoại,https://cdn.tgdd.vn/2026/06/timerseo/341797-600x600-2.jpg,4890000,5,4.6
361709,Điện thoại Samsung Galaxy A07 5G 4GB/128GB,Điện thoại,https://cdn.tgdd.vn/2026/06/timerseo/361709-600x600-2.jpg,4390000,5,2.0
333347,Điện thoại Samsung Galaxy S25 Ultra 5G 12GB/256GB,Điện thoại,https://cdn.tgdd.vn/2026/06/timerseo/333347-600x600-2.jpg,33380000,5,5.0
335915,Điện thoại Samsung Galaxy A26 5G 6GB/128GB,Điện thoại,https://cdn.tgdd.vn/2026/06/timerseo/335915-600x600-2.jpg,6990000,5,1.8
334930,Điện thoại Samsung Galaxy A36 5G 12GB/256GB,Điện thoại,https://cdn.tgdd.vn/Products/Images/42/334930/samsung-galaxy-a36-5g-black-thumb-1-600x600.jpg,10010000,5,2.4
338741,Điện thoại Samsung Galaxy Z Flip7 FE 5G 8GB/128GB,Điện thoại,https://cdn.tgdd.vn/Products/Images/42/338741/samsung-galaxy-z-flip7-fe-white-thumb-600x600.jpg,16990000,1,2.0
335955,Điện thoại Samsung Galaxy S25 Edge 5G 12GB/512GB,Điện thoại,https://cdn.tgdd.vn/Products/Images/42/335955/samsung-galaxy-s25-edge-sliver-thumb-600x600.jpg,20990000,5,2.8
333359,Điện thoại Samsung Galaxy S25 Plus 5G 12GB/256GB,Điện thoại,https://cdn.tgdd.vn/Products/Images/42/333359/samsung-galaxy-s25-plus-green-thumbai-600x600.jpg,25190000,5,3.4
341804,Điện thoại Samsung Galaxy A07 6GB/128GB,Điện thoại,https://cdn.tgdd.vn/2026/06/timerseo/341804-600x600-2.jpg,3890000,5,4.2
360240,Điện thoại OPPO Reno15 F 5G 8GB/256GB,Điện thoại,https://cdn.tgdd.vn/2026/06/timerseo/360240-600x600-1.jpg,11990000,5,3.2
360244,Điện thoại OPPO A6x 4GB/64GB,Điện thoại,https://cdn.tgdd.vn/2026/06/timerseo/360244-600x600-1.jpg,4990000,1,3.0
344655,Điện thoại OPPO Find X9 5G 12GB/256GB,Điện thoại,https://cdn.tgdd.vn/2026/06/timerseo/344655-600x600-1.jpg,22990000,5,3.6
344652,Điện thoại OPPO Find X9 Pro 5G 16GB/512GB,Điện thoại,https://cdn.tgdd.vn/2026/06/timerseo/344652-600x600-1.jpg,32990000,5,4.8
344651,Điện thoại OPPO A6 Pro 8GB/128GB,Điện thoại,https://cdn.tgdd.vn/2026/06/timerseo/344651-600x600-1.jpg,8290000,5,3.8
361311,"Laptop HP 15 fc0023AU - D0BH1PA (R5 7520U, 16GB, 512GB, Full HD, Win11)",Laptop,https://cdnv2.tgdd.vn/mwg-static/tgdd/Products/Images/44/361311/hp-15-fc0023au-r5-7520u-d0bh1pa-thumb-639030592238863081-600x600.jpg,18190000,1,4.0
363537,Laptop MacBook Neo 13 inch A18 Pro 8GB/256GB,Laptop,https://cdn.tgdd.vn/Products/Images/44/363537/macbook-neo-13-inch-a18-pro-8gb-256gb-xanh-la-thumb-600x600.jpg,16490000,2,1.0
340562,"Laptop Dell 15 DC15250 - DC5I7748W1 (i7 1355U, 16GB, 512GB, Full HD 120Hz, OfficeH24+365, Win11)",Laptop,https://cdnv2.tgdd.vn/mwg-static/tgdd/Products/Images/44/340562/dell-15-dc15250-i7-dc5i7748w1-638900114799182560-600x600.jpg,24890000,2,4.0
337420,"Laptop HP 245 G10 - B8PF9AT (R5 7530U, 8GB, 512GB, Full HD, Win11)",Laptop,https://cdnv2.tgdd.vn/mwg-static/tgdd/Products/Images/44/337420/hp-245-g10-r5-b8pf9at-638828180409840419-600x600.jpg,16690000,1,4.0
338323,"Laptop Asus Vivobook 15 X1504VA - BQ185WS (Core 5 120U, 16GB, 512GB, Full HD, OfficeH24+365, Win11)",Laptop,https://cdnv2.tgdd.vn/mwg-static/tgdd/Products/Images/44/338323/asus-x1504va-core-5-bq185ws-thumb2-638929335505560781-600x600.jpg,19390000,1,5.0
335556,"Laptop Lenovo Gaming LOQ 15IAX9E - 83LK0079VN (i5 12450HX, 16GB, 512GB, RTX 3050 6GB, Full HD 144Hz, Win11)",Laptop,https://cdnv2.tgdd.vn/mwg-static/tgdd/Products/Images/44/335556/lenovo-loq-15iax9e-i5-83lk0079vn-thumb-638828190971476549-600x600.jpg,24090000,5,4.0
354744,"Laptop Acer Aspire Lite 15 AL15 42P R50R - NX.D34SV.004 (R5 7430U, 16GB, 512GB, Full HD, Win11)",Laptop,https://cdnv2.tgdd.vn/mwg-static/tgdd/Products/Images/44/354744/acer-aspire-lite-15-al15-42p-r50r-r5-7430u-nxd34sv004-bac-thumb-638942356970285880-600x600.jpg,16190000,1,1.0
334450,"Laptop Lenovo Ideapad Slim 3 16IRH10 - 83K20003VN (i5 13420H, 24GB, 512GB, WUXGA, Win11)",Laptop,https://cdnv2.tgdd.vn/mwg-static/tgdd/Products/Images/44/334450/lenovo-ideapad-slim-3-16irh10-i5-83k20003vn-638775477302248017-600x600.jpg,20590000,5,3.4
358132,"Laptop Asus Vivobook S14 S3407VA - LY146W (Core 5 210H, 16GB, 512GB, WUXGA, Win11)",Laptop,https://cdnv2.tgdd.vn/mwg-static/tgdd/Products/Images/44/358132/asus-vivobook-s14-s3407va-core-5-210h-ly146w-thumb-638965583427975379-600x600.jpg,21090000,1,5.0
338324,"Laptop Asus Gaming Vivobook K3605VC - RP364W (i5 13420H, 16GB, 512GB, RTX 3050 4GB, WUXGA 144Hz, Win11)",Laptop,https://cdnv2.tgdd.vn/mwg-static/tgdd/Products/Images/44/338324/asus-k3605vc-i5-rp364w-thumb-638839519987207839-600x600.jpg,21590000,1,5.0
338320,"Laptop Asus Vivobook S14 S3407CA - LY095WS (Ultra 5 225H, 16GB, 512GB, WUXGA, OfficeH24+365, Win11)",Laptop,https://cdnv2.tgdd.vn/mwg-static/tgdd/Products/Images/44/338320/asus-s3407ca-ultra-5-ly095ws-638851479978389858-600x600.jpg,26490000,2,3.0
362406,"Laptop Asus Vivobook Go 15 E1504FA - BQ350W (R5 40, 16GB, 512GB, Full HD, Win11)",Laptop,https://cdnv2.tgdd.vn/mwg-static/tgdd/Products/Images/44/362406/asus-vivobook-go-15-e1504fa-r5-40-bq350w-thumb-639057642463867778-600x600.jpg,24690000,1,3.0
339687,"Laptop Asus TUF Gaming F16 FX607VJ - RL034W (Core 5 210H, 16GB, 512GB, RTX 3050 6GB, Full HD+ 144Hz, Win11)",Laptop,https://cdnv2.tgdd.vn/mwg-static/tgdd/Products/Images/44/339687/asus-tuf-gaming-f16-fx607vj-core-5-rl034w-638895762903744422-600x600.jpg,24090000,2,4.5
334442,"Laptop Lenovo IdeaPad Slim 3 15IRH10 - 83K1000HVN (i5 13420H, 16GB, 512GB, WUXGA, Win11)",Laptop,https://cdnv2.tgdd.vn/mwg-static/tgdd/Products/Images/44/334442/lenovo-ideapad-slim-3-15irh10-i5-83k1000hvn-638775478046964172-600x600.jpg,18390000,5,3.6
339587,"Laptop Lenovo IdeaPad Slim 5 OLED 14AKP10 - 83HX0066VN (R7 AI 350, 32GB, 512GB, WUXGA OLED, Win11)",Laptop,https://cdnv2.tgdd.vn/mwg-static/tgdd/Products/Images/44/339587/lenovo-ideapad-slim-5-oled-14akp10-r7-ai-350-83hx0066vn-638900878352201957-600x600.jpg,26890000,1,5.0
339581,"Laptop Lenovo IdeaPad Slim 5 OLED 14AKP10 - 83HX0065VN (R5 AI 340, 32GB, 512GB, WUXGA OLED, Win11)",Laptop,https://cdnv2.tgdd.vn/mwg-static/tgdd/Products/Images/44/339581/lenovo-ideapad-slim-5-oled-14akp10-r5-ai-350-83hx0065vn-638900878482194553-600x600.jpg,26690000,2,5.0
334446,"Laptop Lenovo IdeaPad Slim 3 15IRH10 - 83K1000FVN (i7 13620H, 24GB, 512GB, WUXGA, Win11)",Laptop,https://cdnv2.tgdd.vn/mwg-static/tgdd/Products/Images/44/334446/lenovo-ideapad-slim-3-15irh10-i7-83k1000fvn-638775476922755568-600x600.jpg,24490000,1,3.0
342524,"Laptop Lenovo Gaming LOQ 15IRX9 - 83DV01ANVN (i5 13450HX, 16GB, 1TB, RTX 3050 6GB, Full HD 144Hz, Win11)",Laptop,https://cdnv2.tgdd.vn/mwg-static/tgdd/Products/Images/44/342524/lenovo-gaming-loq-15irx9-i5-83dv01anvn-thumb-638913705000350912-600x600.jpg,29390000,2,4.5
359086,Máy tính bảng Samsung Galaxy Tab A11+ WiFi 6GB/128GB,Máy tính bảng,https://cdn.tgdd.vn/2026/06/timerseo/359086-600x600-1.jpg,6990000,2,5.0
340147,Máy tính bảng Masstel Tab 11 Ultra 4G 8GB/256GB,Máy tính bảng,https://cdn.tgdd.vn/2026/06/timerseo/340147-600x600-1.jpg,4690000,1,3.0
363417,Máy tính bảng iPad Air M4 11 inch WiFi 128GB,Máy tính bảng,https://cdn.tgdd.vn/Products/Images/522/363417/ipad-air-m4-11-inch-wifi-128gb-tim-thumb-600x600.jpg,16390000,1,5.0
361231,Máy tính bảng OPPO Pad 5 8GB/256GB,Máy tính bảng,https://cdn.tgdd.vn/Products/Images/522/361231/oppo-pad-5-8gb-256gb-hong-thumb-600x600.jpg,13990000,2,3.0
358082,Máy tính bảng iPad Pro M5 11 inch WiFi 256GB,Máy tính bảng,https://cdn.tgdd.vn/Products/Images/522/358082/ipad-pro-m5-wifi-11-inch-black-thumb-600x600.jpg,28090000,2,5.0
339287,Máy tính bảng OPPO Pad SE WiFi màn hình nhám 4GB/128GB,Máy tính bảng,https://cdn.tgdd.vn/2026/06/timerseo/339287-600x600-1.jpg,7290000,2,4.0
335308,Máy tính bảng iPad A16 WiFi 128GB,Máy tính bảng,https://cdn.tgdd.vn/Products/Images/522/335308/ipad-11-wifi-yellow-thumb-600x600.jpg,9790000,5,3.8
335311,Máy tính bảng iPad A16 5G 128GB,Máy tính bảng,https://cdn.tgdd.vn/Products/Images/522/335311/ipad-11-5g-blue-thumb-600x600.jpg,13990000,1,1.0
322613,Máy tính bảng OPPO Pad Neo WiFi 6GB/128GB,Máy tính bảng,https://cdn.tgdd.vn/2026/06/timerseo/322613-600x600-1.jpg,6370000,5,4.0
343061,Máy tính bảng Samsung Galaxy Tab S10 Lite 5G 6GB/128GB,Máy tính bảng,https://cdn.tgdd.vn/2026/06/timerseo/343061-600x600-1.jpg,10490000,1,3.0
345544,Máy tính bảng HONOR Pad X7 WiFi 4GB/64GB,Máy tính bảng,https://cdn.tgdd.vn/2026/06/timerseo/345544-600x600-1.jpg,3290000,4,3.5
342548,Máy tính bảng Lenovo Idea Tab 5G 8GB/128GB,Máy tính bảng,https://cdn.tgdd.vn/2026/06/timerseo/342548-600x600-1.jpg,7090000,1,2.0
339204,Máy tính bảng Xiaomi Redmi Pad 2 WiFi 4GB/128GB,Máy tính bảng,https://cdn.tgdd.vn/2026/06/timerseo/339204-600x600-1.jpg,5690000,3,2.33
331229,Máy tính bảng iPad mini 7 WiFi 128GB,Máy tính bảng,https://cdn.tgdd.vn/Products/Images/522/331229/ipad-mini-7-wifi-purple-thumb-600x600.jpg,13290000,5,3.4
331232,Máy tính bảng iPad mini 7 5G 128GB,Máy tính bảng,https://cdn.tgdd.vn/Products/Images/522/331232/ipad-mini-7-5g-blue-thumb-600x600.jpg,17890000,1,4.0
322130,Máy tính bảng Samsung Galaxy Tab S10+ WiFi 12GB/256GB,Máy tính bảng,https://cdn.tgdd.vn/2026/06/timerseo/322130-600x600-1.jpg,22390000,1,5.0
336737,Máy tính bảng Samsung Galaxy Tab S10 FE WiFi 8GB/128GB,Máy tính bảng,https://cdn.tgdd.vn/Products/Images/522/336737/samsung-galaxy-tab-s10-fe-silver-thumb-600x600.jpg,12190000,2,5.0
344723,Máy tính bảng Samsung Galaxy Tab S11 WiFi 12GB/128GB,Máy tính bảng,https://cdn.tgdd.vn/2026/06/timerseo/344723-600x600-1.jpg,21490000,2,3.0
315390,Máy tính bảng Samsung Galaxy Tab A9 WiFi 4GB/64GB,Máy tính bảng,https://cdn.tgdd.vn/2026/06/timerseo/315390-600x600-1.jpg,0,5,4.6
315590,Máy tính bảng Samsung Galaxy Tab A9+ WiFi 4GB/64GB,Máy tính bảng,https://cdn.tgdd.vn/2026/06/timerseo/315590-600x600-1.jpg,0,5,2.0
322134,Máy tính bảng Samsung Galaxy Tab S6 Lite 2024 4G 4GB/64GB,Máy tính bảng,https://cdn.tgdd.vn/2026/06/timerseo/322134-600x600-1.jpg,0,1,3.0
303299,Máy tính bảng Samsung Galaxy Tab S9 WiFi 8GB/128GB,Máy tính bảng,https://cdn.tgdd.vn/2026/06/timerseo/303299-600x600-1.jpg,0,5,4.8
317623,Máy tính bảng Samsung Galaxy Tab A9+ 5G 4GB/64GB,Máy tính bảng,https://cdn.tgdd.vn/2026/06/timerseo/317623-600x600-1.jpg,0,5,2.4
311062,Máy tính bảng Samsung Galaxy Tab S9 5G 8GB/128GB,Máy tính bảng,https://cdn.tgdd.vn/2026/06/timerseo/311062-600x600-1.jpg,0,4,4.25
356854,Máy tính bảng Xiaomi Redmi Pad 2 Pro WiFi 6GB/128GB,Máy tính bảng,https://cdn.tgdd.vn/Products/Images/522/356854/xiaomi-redmi-pad-2-pro-sliver-thumb-600x600.jpg,7690000,3,4.33
334530,Máy tính bảng Xiaomi Pad 7 WiFi 8GB/256GB,Máy tính bảng,https://cdn.tgdd.vn/Products/Images/522/334530/xiaomi-pad-7-gray-thumb-600x600.jpg,11290000,4,4.75
344750,Apple Watch Series 11 GPS 42mm viền nhôm dây thể thao,Đồng hồ,https://cdn.tgdd.vn/Products/Images/7077/344750/apple-watch-series-11-vien-nhom-day-the-thao-hong-tb-1-600x600.jpg,8790000,4,4.0
367408,Vòng đeo tay thông minh Mi Band 10 Pro,Đồng hồ,https://cdn.tgdd.vn/Products/Images/7077/367408/vong-deo-tay-thong-minh-mi-band-10-pro-bac-thumb-600x600.jpg,2090000,1,5.0
363022,Xiaomi Watch 5 47 mm dây cao su Fluoro,Đồng hồ,https://cdnv2.tgdd.vn/mwg-static/tgdd/Products/Images/7077/363022/xiaomi-watch-5-47-mm-day-cao-su-fluoro-thumb-639078694063545869-600x600.jpg,8990000,1,2.0
365217,Xiaomi Redmi Watch 6,Đồng hồ,https://cdnv2.tgdd.vn/mwg-static/tgdd/Products/Images/7077/365217/xiaomi-redmi-watch-6-thumb-2-639122662985495541-600x600.jpg,2790000,1,5.0
358003,Đồng hồ định vị trẻ em Kidcare Sight S25,Đồng hồ,https://cdn.tgdd.vn/Products/Images/7077/358003/dong-ho-dinh-vi-tre-em-kidcare-sight-s25-den-thumb-600x600.jpg,1690000,5,2.6
344767,Apple Watch SE 3 GPS 40mm viền nhôm dây thể thao,Đồng hồ,https://cdn.tgdd.vn/Products/Images/7077/344767/apple-watch-se-3-gps-vien-nhom-day-the-thao-trang-tb-600x600.jpg,5890000,2,4.5
362941,Vòng đeo tay thông minh Huawei Band 11 viền nhôm dây Fluor,Đồng hồ,https://cdn.tgdd.vn/Products/Images/7077/362941/vong-deo-tay-thong-minh-huawei-band-11-vien-nhom-day-cao-su-xanh-thumb-600x600.jpg,990000,2,5.0
334436,Huawei Watch Fit 4 43mm dây silicone,Đồng hồ,https://cdn.tgdd.vn/Products/Images/7077/334436/huawei-watch-fit-4-den-tb-600x600.jpg,2540000,5,3.6
362942,Vòng đeo tay thông minh Huawei Band 11 dây Fluor,Đồng hồ,https://cdn.tgdd.vn/Products/Images/7077/362942/vong-deo-tay-thong-minh-huawei-band-11-day-cao-su-den-thumb-1-600x600.jpg,890000,1,5.0
344769,Apple Watch SE 3 GPS + Cellular 40mm viền nhôm dây thể thao,Đồng hồ,https://cdn.tgdd.vn/Products/Images/7077/344769/apple-watch-se-3-lte-vien-nhom-day-the-thao-trang-tb-600x600.jpg,7690000,1,3.0
362940,Vòng đeo tay thông minh Huawei Band 11 Pro dây nylon dệt,Đồng hồ,https://cdn.tgdd.vn/Products/Images/7077/362940/vong-deo-tay-thong-minh-huawei-band-11-pro-day-nylon-det-thumb-600x600.jpg,1590000,1,5.0
321616,Vòng tay thông minh Samsung Galaxy Fit3,Đồng hồ,https://cdn.tgdd.vn/Products/Images/7077/321616/samsung-galaxy-fit3-hong-thumb-1-600x600.jpg,690000,5,2.6
340067,Samsung Galaxy Watch8 LTE 44mm dây silicone,Đồng hồ,https://cdn.tgdd.vn/Products/Images/7077/340067/samsung-galaxy-watch8-lte-44mm-den-tn-600x600.jpg,10190000,3,4.33
327697,Samsung Galaxy Watch7 44mm dây silicone,Đồng hồ,https://cdn.tgdd.vn/Products/Images/7077/327697/samsung-galaxy-watch7-44mm-bac-tn2-600x600.jpg,6340000,3,3.67
327692,Samsung Galaxy Watch7 40mm dây silicone,Đồng hồ,https://cdn.tgdd.vn/Products/Images/7077/327692/samsung-galaxy-watch7-40mm-kem-tn2-1-600x600.jpg,4990000,5,4.6
327699,Samsung Galaxy Watch7 LTE 44mm dây silicone,Đồng hồ,https://cdn.tgdd.vn/Products/Images/7077/327699/samsung-galaxy-watch7-lte-44m-tn2-600x600.jpg,7320000,1,5.0
338265,Samsung Galaxy Watch8 40mm dây silicone,Đồng hồ,https://cdn.tgdd.vn/Products/Images/7077/338265/samsung-galaxy-watch8-40mm-trang-tb-600x600.jpg,8190000,1,5.0
340065,Samsung Galaxy Watch8 Classic LTE 46mm dây da,Đồng hồ,https://cdn.tgdd.vn/Products/Images/7077/340065/samsung-galaxy-watch8-classic-lte-46mm-den-tn-600x600.jpg,12990000,1,5.0
310858,Samsung Galaxy Watch6 Classic 47mm dây silicone,Đồng hồ,https://cdn.tgdd.vn/Products/Images/7077/310858/samsung-galaxy-watch6-classic-47-mm-bac-ksp-600x600.jpg,0,5,4.6
339531,Vòng đeo tay thông minh Mi Band 10 viền gốm,Đồng hồ,https://cdn.tgdd.vn/Products/Images/7077/339531/mi-band-10-vien-gom-600x600.jpg,1660000,1,5.0
332406,Vòng đeo tay thông minh Mi Band 9 Active,Đồng hồ,https://cdn.tgdd.vn/Products/Images/7077/332406/mi-band-9-active-trang-thumb-600x600.jpg,630000,5,3.8
332404,Vòng đeo tay thông minh Mi Band 9 Pro,Đồng hồ,https://cdn.tgdd.vn/Products/Images/7077/332404/mi-band-9-pro-hong-tb-600x600.jpg,1590000,5,2.6
329832,Xiaomi Redmi Watch 5 Lite 48.2mm dây TPU,Đồng hồ,https://cdn.tgdd.vn/Products/Images/7077/329832/redmi-watch-5-lite-den-tb-600x600.jpg,1290000,5,4.0
344776,Tai nghe Bluetooth Apple AirPods Pro 3 Trắng MFHP4,Phụ kiện,https://cdnv2.tgdd.vn/mwg-static/tgdd/Products/Images/54/344776/airpods-pro-3-100925-023952-434-600x600.jpg,6190000,5,1.8
363793,Tai nghe Bluetooth True Wireless Xiaomi Redmi Buds 8 Active,Âm thanh,https://cdnv2.tgdd.vn/mwg-static/tgdd/Products/Images/54/363793/tai-nghe-bluetooth-true-wireless-xiaomi-redmi-buds-8-active-thumb-639087633476895912-600x600.jpg,700000,1,5.0
329154,AirPods 4 MXP63,Âm thanh,https://cdn.tgdd.vn/Products/Images/54/329154/airpods-4-mxp63-thumb-new-600x600.jpg,2990000,5,5.0
361413,Tai nghe Bluetooth True Wireless Xiaomi Redmi Buds 8 Lite,Âm thanh,https://cdnv2.tgdd.vn/mwg-static/tgdd/Products/Images/54/361413/tai-nghe-bluetooth-true-wireless-xiaomi-redmi-buds-8-lite-thumb-639026859261009459-600x600.jpg,750000,5,2.8
325754,Tai nghe Bluetooth True Wireless Beats Solo Buds,Âm thanh,https://cdn.tgdd.vn/Products/Images/54/325754/tai-nghe-beats-solo-buds-thumb-600x600.jpg,1490000,2,4.0
338377,Tai nghe Bluetooth True Wireless Beats Powerbeats Pro 2,Âm thanh,https://cdnv2.tgdd.vn/mwg-static/tgdd/Products/Images/54/338377/tai-nghe-bluetooth-true-wireless-beats-powerbeats-pro-2-220525-024324-860-600x600.jpg,5790000,1,3.0
366987,Tai nghe Bluetooth True Wireless OPPO ENCO Air 5 Pro ETEL1,Âm thanh,https://cdnv2.tgdd.vn/mwg-static/tgdd/Products/Images/54/366987/tai-nghe-bluetooth-true-wireless-oppo-enco-air-5-pro-etel1-thumb-1-639140304694724794-600x600.jpg,2290000,2,5.0
315014,Tai nghe Bluetooth AirPods Pro Gen 2 MagSafe Charge (USB-C) Apple MTJV3,Âm thanh,https://cdn.tgdd.vn/Products/Images/54/315014/tai-nghe-bluetooth-airpods-pro-2nd-gen-usb-c-charge-apple-thumb-1-600x600.jpg,5190000,5,2.6
328322,Tai nghe Bluetooth True Wireless JBL Live Beam 3,Âm thanh,https://cdnv2.tgdd.vn/mwg-static/tgdd/Products/Images/54/328322/tai-nghe-bluetooth-true-wireless-jbl-live-beam-3-051224-094749-749-600x600.jpg,3915000,5,2.2
359914,Tai nghe Bluetooth True Wireless Soundcore R60i NC D1202,Phụ kiện,https://cdnv2.tgdd.vn/mwg-static/tgdd/Products/Images/54/359914/tai-nghe-bluetooth-true-wireless-soundcore-r60i-nc-d1202-thumb-639026926811886625-600x600.jpg,680000,5,5.0
342707,Tai nghe Bluetooth True Wireless Samsung Galaxy Buds Core R410N,Âm thanh,https://cdnv2.tgdd.vn/mwg-static/tgdd/Products/Images/54/342707/tai-nghe-bluetooth-true-wireless-samsung-galaxy-buds-core-r410n-thumb-639026914590017606-600x600.jpg,1190000,5,3.2
343124,Điện thoại OPPO A6 Pro 5G 8GB/256GB,Điện thoại,https://cdn.tgdd.vn/2026/06/timerseo/343124-600x600-1.jpg,10990000,3,2.33
363217,Điện thoại OPPO A6 8GB/128GB,Điện thoại,https://cdn.tgdd.vn/Products/Images/42/363217/oppo-a6-8gb-128gb-xanh-thumb-1-600x600.jpg,8990000,3,1.67
360238,Điện thoại OPPO Reno15 5G 8GB/256GB,Điện thoại,https://cdn.tgdd.vn/2026/06/timerseo/360238-600x600-1.jpg,15490000,5,3.2
360236,Điện thoại OPPO Reno15 Pro 5G 12GB/256GB,Điện thoại,https://cdn.tgdd.vn/2026/06/timerseo/360236-600x600-1.jpg,18990000,3,4.67
341378,Điện thoại OPPO A5 8GB/128GB,Điện thoại,https://cdn.tgdd.vn/2026/06/timerseo/341378-600x600-1.jpg,5990000,5,3.0
339177,Điện thoại OPPO Reno14 F 5G 12GB/256GB,Điện thoại,https://cdn.tgdd.vn/2026/06/timerseo/339177-600x600-1.jpg,10790000,5,2.8
340255,Điện thoại OPPO A5i Pro 8GB/128GB,Điện thoại,https://cdn.tgdd.vn/2026/06/timerseo/340255-600x600-1.jpg,6290000,4,3.25
332934,Điện thoại OPPO Reno13 5G 12GB/256GB,Điện thoại,https://cdn.tgdd.vn/Products/Images/42/332934/oppo-reno13-blue-thumbnew-600x600.jpg,15200000,5,3.6
322129,Điện thoại OPPO Find X8 Pro 5G 16GB/512GB,Điện thoại,https://cdn.tgdd.vn/2026/06/timerseo/322129-600x600-1.jpg,29450000,5,4.8
317981,Điện thoại OPPO Find N3 Flip 5G 12GB/256GB Hồng,Điện thoại,https://cdn.tgdd.vn/2026/06/timerseo/317981-600x600-1.jpg,22580000,5,4.0
364968,Điện thoại Xiaomi Redmi A7 Pro 4GB/128GB,Điện thoại,https://cdn.tgdd.vn/Products/Images/42/364968/xiaomi-redmi-a7-pro-xanh-la-thumb-600x600.jpg,4290000,1,2.0
360302,Điện thoại Xiaomi Redmi Note 15 6GB/128GB,Điện thoại,https://cdn.tgdd.vn/Products/Images/42/360302/TimerThumb/360302.jpg,5690000,2,3.5
360310,Điện thoại Xiaomi Redmi Note 15 5G 6GB/128GB,Điện thoại,https://cdn.tgdd.vn/2026/06/timerseo/360310-600x600-1.jpg,7490000,1,3.0
360312,Điện thoại Xiaomi Redmi Note 15 Pro 5G 8GB/256GB,Điện thoại,https://cdn.tgdd.vn/Products/Images/42/360312/TimerThumb/360312.jpg,9490000,5,4.0
360307,Điện thoại Xiaomi Redmi Note 15 Pro 8GB/256GB,Điện thoại,https://cdn.tgdd.vn/2026/06/timerseo/360307-600x600-1.jpg,8690000,5,2.2
360309,Điện thoại Xiaomi Redmi Note 15 Pro+ 5G 12GB/256GB,Điện thoại,https://cdn.tgdd.vn/Products/Images/42/360309/TimerThumb/360309.jpg,12490000,5,3.0
341272,Điện thoại Xiaomi Redmi 15 6GB/128GB,Điện thoại,https://cdn.tgdd.vn/2026/06/timerseo/341272-600x600-1.jpg,4490000,5,2.4
359776,Điện thoại Xiaomi Redmi 15 5G 4GB/128GB,Điện thoại,https://cdn.tgdd.vn/2026/06/timerseo/359776-600x600-1.jpg,5390000,5,3.0
346265,Điện thoại Xiaomi Redmi 15C 6GB/128GB,Điện thoại,https://cdn.tgdd.vn/2026/06/timerseo/346265-600x600-1.jpg,4990000,5,3.4
363473,Điện thoại Xiaomi POCO X7 Pro 5G 12GB/256GB,Điện thoại,https://cdn.tgdd.vn/Products/Images/42/363473/xiaomi-poco-x7-pro-12-256gb-den-thumb-1-600x600.jpg,9990000,2,4.0
344644,Điện thoại Xiaomi 15T 5G 12GB/256GB,Điện thoại,https://cdn.tgdd.vn/2026/06/timerseo/344644-600x600-1.jpg,12790000,5,3.8
363468,Điện thoại Xiaomi POCO M8 5G 8GB/256GB,Điện thoại,https://cdn.tgdd.vn/Products/Images/42/363468/xiaomi-poco-m8-8gb-256gb-xanh-thumb-600x600.jpg,7490000,4,4.25
344645,Điện thoại Xiaomi 15T 5G 12GB/512GB,Điện thoại,https://cdn.tgdd.vn/2026/06/timerseo/344645-600x600-1.jpg,13990000,5,2.6
335917,Điện thoại Xiaomi Redmi A5 3GB/64GB,Điện thoại,https://cdn.tgdd.vn/2026/06/timerseo/335917-600x600-2.jpg,2740000,5,3.0
363470,Điện thoại Xiaomi POCO X8 Pro 5G 8GB/256GB,Điện thoại,https://cdn.tgdd.vn/Products/Images/42/363470/xiaomi-poco-x8-pro-8gb-256gb-xanh-thumb-600x600.jpg,10990000,1,5.0
357576,Điện thoại vivo V60 Lite 5G 8GB/256GB,Điện thoại,https://cdn.tgdd.vn/2026/06/timerseo/357576-600x600-1.jpg,10490000,5,2.8
357862,Điện thoại vivo X300 Pro 5G 16GB/512GB,Điện thoại,https://cdn.tgdd.vn/Products/Images/42/357862/vivo-x300-pro-den-thumb-600x600.jpg,34990000,3,4.67
339180,Điện thoại vivo Y39 5G 8GB/128GB,Điện thoại,https://cdn.tgdd.vn/2026/06/timerseo/339180-600x600-1.jpg,6890000,5,4.2
338918,Điện thoại vivo Y19s Pro 8GB/128GB,Điện thoại,https://cdn.tgdd.vn/2026/06/timerseo/338918-600x600-1.jpg,5400000,5,3.0
341625,Điện thoại vivo V60 5G 12GB/256GB,Điện thoại,https://cdn.tgdd.vn/2026/06/timerseo/341625-600x600-1.jpg,15990000,5,3.8
336408,Điện thoại vivo V50 Lite 5G 8GB/256GB,Điện thoại,https://cdn.tgdd.vn/2026/06/timerseo/336408-600x600-1.jpg,9810000,5,5.0
360671,Điện thoại vivo Y31d 6GB/128GB,Điện thoại,https://cdn.tgdd.vn/2026/06/timerseo/360671-600x600-1.jpg,8090000,3,1.33
357861,Điện thoại vivo X300 5G 12GB/256GB,Điện thoại,https://cdn.tgdd.vn/Products/Images/42/357861/vivo-x300-hong-thumbai-600x600.jpg,23990000,5,3.4
334226,Điện thoại vivo Y29 8GB/128GB,Điện thoại,https://cdn.tgdd.vn/2026/06/timerseo/334226-600x600-1.jpg,6380000,5,4.0
325136,Điện thoại vivo V30e 5G 12GB/256GB,Điện thoại,https://cdn.tgdd.vn/2026/06/timerseo/325136-600x600-2.jpg,10300000,5,4.4
336702,Điện thoại vivo V50 Lite 8GB/256GB,Điện thoại,https://cdn.tgdd.vn/2026/06/timerseo/336702-600x600-1.jpg,8830000,3,4.0
326023,Điện thoại vivo Y28 8GB/256GB,Điện thoại,https://cdn.tgdd.vn/2026/06/timerseo/326023-600x600-1.jpg,6380000,4,3.25
325500,"Laptop Lenovo Ideapad Slim 3 15AMN8 - 82XQ00J0VN (R5 7520U, 16GB, 512GB, Full HD, Win11)",Laptop,https://cdnv2.tgdd.vn/mwg-static/tgdd/Products/Images/44/325500/lenovo-ideapad-slim-3-15amn8-r5-82xq00j0vn-thumb-638754862828598408-600x600.jpg,17190000,5,1.8
327051,"Laptop Lenovo Gaming LOQ 15ARP9 - 83JC0040VN (R7 7435HS, 24GB, 512GB, RTX 4050 6GB, Full HD 144Hz, Win11)",Laptop,https://cdnv2.tgdd.vn/mwg-static/tgdd/Products/Images/44/327051/lenovo-loq-15arp9-r7-83jc0040vn-thumb-638754871081388996-600x600.jpg,0,2,5.0
333430,"Laptop Acer Gaming Nitro V 15 ANV15 41 R2UP - NH.QPGSV.004 (R5 6600H, 16GB, 512GB, RTX 2050 4GB, Full HD 165Hz, Win11)",Laptop,https://cdnv2.tgdd.vn/mwg-static/tgdd/Products/Images/44/333430/acer-nitro-v-15-anv15-41-r2up-r5-nhqpgsv004-638774737367845195-600x600.jpg,20990000,5,4.4
333427,"Laptop Acer Gaming Nitro V 15 ANV15 41 R1JY - NH.QPFSV.001 (R5 6600H, 16GB, 512GB, RTX 3050 6GB, Full HD 165Hz, Win11)",Laptop,https://cdnv2.tgdd.vn/mwg-static/tgdd/Products/Images/44/333427/acer-nitro-v-15-anv15-41-r1jy-r5-nhqpfsv001-thumb-638760100059925740-600x600.jpg,22990000,3,3.67
354745,"Laptop Acer Aspire Lite 15 AL15 42P R86Y - NX.D3QSV.003 (R7 7730U, 16GB, 512GB, Full HD, Win11)",Laptop,https://cdnv2.tgdd.vn/mwg-static/tgdd/Products/Images/44/354745/acer-aspire-lite-15-al15-42p-r86y-r7-7730u-nxd3qsv003-bac-thumb-638942361018405881-600x600.jpg,18590000,1,3.0
333421,"Laptop Acer Aspire Lite 16 G2 AL16 52P 76DU - NX.J2SSV.005 (i7 1355U, 16GB, 512GB, Full HD+, Win11)",Laptop,https://cdnv2.tgdd.vn/mwg-static/tgdd/Products/Images/44/333421/acer-aspire-lite-16-g2-al16-52p-76du-i7-nxj2ssv005-thumb-638760099849188217-600x600.jpg,20390000,2,2.5
341605,"Laptop Acer Aspire Lite 14 AL14 71M 52GQ - NX.J4ASV.001 (i5 12500H, 16GB, 512GB, Full HD+, Win11)",Laptop,https://cdnv2.tgdd.vn/mwg-static/tgdd/Products/Images/44/341605/acer-aspire-lite-14-al14-71m-52gq-i5-12500h-nx-j4asv-001-thumb-2-638905338028489494-600x600.jpg,16190000,3,3.67
334997,"Laptop Acer Aspire Go AG15 31P 30M4 - NX.KRPSV.004 (i3 N305, 8GB, 256GB, Full HD, Win11)",Laptop,https://cdnv2.tgdd.vn/mwg-static/tgdd/Products/Images/44/334997/acer-aspire-go-ag15-31p-30m4-i3-nxkrpsv004-thumb-638828183673538656-600x600.jpg,0,5,4.0
339202,"Laptop Acer Aspire Lite 14 AL14 51P 35QD - NX.J84SV.001 (i3 1305U, 8GB, 512GB, Full HD+, Win11)",Laptop,https://cdnv2.tgdd.vn/mwg-static/tgdd/Products/Images/44/339202/acer-aspire-lite-14-al14-51p-35qd-i3-nxj84sv001-638854981847550542-600x600.jpg,0,2,4.5
322222,"Laptop Acer Aspire 3 A314 42P R3B3 - NX.KSFSV.001 (R7 5700U, 16GB, 512GB, WUXGA, Win11)",Laptop,https://cdnv2.tgdd.vn/mwg-static/tgdd/Products/Images/44/322222/acer-aspire-3-a314-42p-r3b3-r7-nxksfsv001-thumb-638754904905578083-600x600.jpg,0,5,1.8
330169,"Laptop Acer Gaming Predator Helios Neo PHN16 71 53M7 - NH.QLUSV.005 (i5 13500HX, 16GB, 512GB, RTX 4060 8GB, WUXGA 165Hz, Win11)",Laptop,https://cdn.tgdd.vn/2026/06/timerseo/330169-600x600-1.jpg,0,5,4.6
334803,"Laptop Dell Inspiron 15 3530 - N5I5530W1 (i5 1334U, 16GB, 512GB, Full HD 120Hz, OfficeH24+365, Win11)",Laptop,https://cdnv2.tgdd.vn/mwg-static/tgdd/Products/Images/44/334803/dell-inspiron-15-3530-i5-n5i5530w1-thumb-638762534676491196-600x600.jpg,23490000,1,3.0
338311,"Laptop Dell Inspiron 15 3530 - N5I7216W1 (i7 1355U, 16GB, 512GB, Full HD 120Hz, OfficeH24+365, Win11)",Laptop,https://cdnv2.tgdd.vn/mwg-static/tgdd/Products/Images/44/338311/dell-inspiron-15-3530-i7-n5i7216w1-thumb-638840241952547194-600x600.jpg,25990000,2,5.0
328522,Máy tính bảng Xiaomi Redmi Pad SE 8.7 WiFi 6GB/128GB,Máy tính bảng,https://cdn.tgdd.vn/2026/06/timerseo/328522-600x600-1.jpg,3890000,5,4.2
356864,Máy tính bảng Xiaomi Redmi Pad 2 Pro 5G 6GB/128GB,Máy tính bảng,https://cdnv2.tgdd.vn/mwg-static/tgdd/Products/Images/522/356864/xiaomi-redmi-pad-2-pro-5g-6gb-128gb-290925-032230-759-600x600.jpg,8690000,2,5.0
329834,Xiaomi Redmi Watch 5 Active 49.1mm dây TPU,Đồng hồ,https://cdn.tgdd.vn/Products/Images/7077/329834/redmi-watch-5-active-den-thb-600x600.jpg,880000,5,5.0
332069,Xiaomi Redmi Watch 5 47.5 mm dây TPU,Đồng hồ,https://cdn.tgdd.vn/Products/Images/7077/332069/xiaomi-redmi-watch-5-bac-tb-1-600x600.jpg,2490000,5,3.8
341442,Xiaomi Watch S4 41mm dây cao su Fluoro,Đồng hồ,https://cdn.tgdd.vn/Products/Images/7077/341442/xiaomi-watch-s4-41mm-xanh-thumb-1-600x600.jpg,3990000,2,2.0
335516,Xiaomi Watch S4 47mm dây silicone Đen Cầu Vồng,Đồng hồ,https://cdn.tgdd.vn/Products/Images/7077/335516/xiaomi-watch-s4-den-tn-600x600.jpg,3790000,1,3.0
344999,realme Watch 5 50mm dây silicone,Đồng hồ,https://cdn.tgdd.vn/Products/Images/7077/344999/realme-watch-5-50mm-day-silicone-bac-thumb-600x600.jpg,1590000,5,3.0
361703,Điện thoại realme 16 5G 8GB/256GB,Điện thoại,https://cdn.tgdd.vn/2026/06/timerseo/361703-600x600-1.jpg,11490000,1,3.0
360344,Điện thoại realme C85 8GB/128GB,Điện thoại,https://cdn.tgdd.vn/2026/06/timerseo/360344-600x600-1.jpg,6290000,1,5.0
357832,Điện thoại realme C85 Pro 8GB/128GB,Điện thoại,https://cdn.tgdd.vn/2026/06/timerseo/357832-600x600-1.jpg,6990000,2,3.5
343067,Điện thoại realme 15 Pro 5G 12GB/256GB,Điện thoại,https://cdn.tgdd.vn/2026/06/timerseo/343067-600x600-1.jpg,14490000,3,2.67
343063,Điện thoại realme 15T 5G 8GB/256GB,Điện thoại,https://cdn.tgdd.vn/2026/06/timerseo/343063-600x600-1.jpg,8490000,5,4.4
337742,Điện thoại realme C71 6GB/128GB,Điện thoại,https://cdn.tgdd.vn/2026/06/timerseo/337742-600x600-1.jpg,4410000,5,4.2
363437,Điện thoại realme Note 80 4GB/64GB,Điện thoại,https://cdn.tgdd.vn/Products/Images/42/363437/realme-note-80-4gb-64gb-thumb-den-600x600.jpg,3990000,1,4.0
361707,Điện thoại realme 16 Pro 5G 12GB/256GB,Điện thoại,https://cdn.tgdd.vn/2026/06/timerseo/361707-600x600-1.jpg,14490000,4,3.75
340260,Điện thoại realme Note 70 4GB/64GB,Điện thoại,https://cdn.tgdd.vn/2026/06/timerseo/340260-600x600-1.jpg,3090000,1,5.0
343066,Điện thoại realme 15 5G 12GB/256GB,Điện thoại,https://cdn.tgdd.vn/2026/06/timerseo/343066-600x600-1.jpg,10990000,1,5.0
336623,Điện thoại realme 14 5G 12GB/256GB,Điện thoại,https://cdn.tgdd.vn/2026/06/timerseo/336623-600x600-1.jpg,9800000,5,4.4
335307,Điện thoại realme C75x 8GB/128GB,Điện thoại,https://cdn.tgdd.vn/2026/06/timerseo/335307-600x600-1.jpg,5200000,4,3.25
332235,Điện thoại realme C75 8GB/256GB,Điện thoại,https://cdn.tgdd.vn/2026/06/timerseo/332235-600x600-1.jpg,5880000,5,3.4
306785,Điện thoại realme C53 6GB/128GB,Điện thoại,https://cdn.tgdd.vn/Products/Images/42/306785/realme-c53-black-thumb-600x600.jpg,4220000,5,2.6
337472,"Laptop Dell Inspiron 15 3530 - 71053721 (i7 1355U, 16GB, 512GB, Full HD 120Hz, OfficeH24+365, Win11)",Laptop,https://cdnv2.tgdd.vn/mwg-static/tgdd/Products/Images/44/337472/dell-inspiron-15-3530-i7-71053721-638900879577580798-600x600.jpg,25990000,1,5.0
321192,"Laptop Dell Inspiron 15 3520 - 25P231 (i5 1235U, 16GB, 512GB, Full HD 120Hz, OfficeHS, KYHD, Win11)",Laptop,https://cdnv2.tgdd.vn/mwg-static/tgdd/Products/Images/44/321192/dell-inspiron-15-3520-i5-25p231-thumb-638754902669914908-600x600.jpg,0,5,3.0
339681,"Laptop Dell Inspiron 15 3530 - P16WD22 (i5 1334U, 16GB, 512GB, Full HD 120Hz, OfficeH24+365, Win11)",Laptop,https://cdnv2.tgdd.vn/mwg-static/tgdd/Products/Images/44/339681/dell-inspiron-15-3530-i5-p16wd22-638895760085626264-600x600.jpg,23490000,1,1.0
339679,"Laptop Dell Latitude 3450 - L3450-1335U-16512WN (i5 1335U, 16GB, 512GB, Full HD, Win11)",Laptop,https://cdnv2.tgdd.vn/mwg-static/tgdd/Products/Images/44/339679/dell-latitude-3450-i5-l34501335u16512wn-638895751182170399-600x600.jpg,24990000,2,3.0
342942,"Laptop MSI Gaming Thin 15 B13UC - 3247VN_16GB (i5 13420H, 16GB, 512GB, RTX 3050 4GB, Full HD 144Hz, Win11)",Laptop,https://cdnv2.tgdd.vn/mwg-static/tgdd/Products/Images/44/342942/msi-gaming-thin-15-b13uc-i5-13420h-3247vn-16gb-thumb-638918266398971749-600x600.jpg,21090000,1,1.0
310447,"Laptop MSI Gaming Katana 15 B13VFK - 676VN (i7 13620H, 16GB, 1TB, RTX 4060 8GB, Full HD 144Hz, Win11)",Laptop,https://cdnv2.tgdd.vn/mwg-static/tgdd/Products/Images/44/310447/msi-katana-15-b13vfk-i7-676vn-thumb-638754846187201114-600x600.jpg,31990000,4,4.75
327707,"Laptop MSI Gaming Cyborg 15 A13VEK - 1423VN (i7 13620H, 16GB, 512GB, RTX 4050 6GB, Full HD 144Hz, Win11)",Laptop,https://cdnv2.tgdd.vn/mwg-static/tgdd/Products/Images/44/327707/msi-cyborg-15-a13vek-i7-1423vn-thumb-638754872255271079-600x600.jpg,31390000,3,5.0
326122,"Laptop MSI Gaming Katana 15 B13UDXK - 2077VN (i7 13620H, 16GB, 1TB, RTX 3050 6GB, Full HD 144Hz, Win11)",Laptop,https://cdn.tgdd.vn/2026/06/timerseo/326122-600x600-1.jpg,26990000,1,3.0
341612,"Laptop MSI Gaming Katana 15 B13VEK - 2256VN (i7 13620H, 16GB, 512GB, RTX4050 6GB, Full HD 144Hz, Win11)",Laptop,https://cdnv2.tgdd.vn/mwg-static/tgdd/Products/Images/44/341612/msi-katana-15-b13vek-i7-13620h-2256vn-thumb01-638896822560434419-600x600.jpg,27990000,1,2.0
326939,Đồng hồ Baby-G 37.9 mm Nữ BGD-565SJ-2DR,Đồng hồ,https://cdn.tgdd.vn/Products/Images/7264/326939/baby-g-bgd-565sj-2dr-nu-thumb-600x600.jpg,2081000,1,4.0
209019,Đồng hồ CASIO Timeless 42 mm Nam MTP-1374D-1AVDF,Đồng hồ,https://cdn.tgdd.vn/Products/Images/7264/209019/casio-mtp-1374d-1avdf-nam-thumb-600x600.jpg,0,5,2.8
209170,Đồng hồ CASIO Timeless 42 mm Nam MTP-1375L-1AVDF,Đồng hồ,https://cdn.tgdd.vn/Products/Images/7264/209170/casio-mtp-1375l-1avdf-nam-avatar-1-600x600.jpg,2084000,5,5.0
246098,Đồng hồ MVW Sport 41 mm Nam ML062-01,Đồng hồ,https://cdn.tgdd.vn/Products/Images/7264/246098/mvw-ml062-01-nam-thumb-fix-600x600.jpg,1266000,5,3.8
287032,Đồng hồ CITIZEN Tsuyosa 40 mm Nam NJ0150-81Z,Đồng hồ,https://cdn.tgdd.vn/Products/Images/7264/287032/citizen-nj0150-81z-nam-thumb-600x600.jpg,10867000,2,5.0
202643,Đồng hồ ORIENT Bambino 40.5 mm Nam FAC00009W0,Đồng hồ,https://cdn.tgdd.vn/Products/Images/7264/202643/orient-fac00009w0-nam-co-tu-dong-600x600.jpg,7335000,5,4.4
199580,Đồng hồ Nam Edifice Casio EFV-540D-1A9VUDF,Đồng hồ,https://cdn.tgdd.vn/Products/Images/7264/199580/edifice-casio-efv-540d-1a9vudf-bac-600x600.jpg,0,1,3.0
329444,Đồng hồ MVW 41 mm Nam MS062-01N,Đồng hồ,https://cdn.tgdd.vn/Products/Images/7264/329444/mvw-ms062-01n-nam-thumb-600x600.jpg,2116000,2,5.0
199485,Đồng hồ CASIO Timeless 45 x 42.1 mm Nam AE-1200WHD-1AVDF,Đồng hồ,https://cdn.tgdd.vn/Products/Images/7264/199485/casio-ae-1200whd-1avdf-bac-thumb-600x600.jpg,1382000,5,3.6
199369,Đồng hồ CASIO Timeless 26 mm Nữ LTP-1274D-7BDF,Đồng hồ,https://cdn.tgdd.vn/Products/Images/7264/199369/casio-ltp-1274d-7bdf-bac-thumb-600x600.jpg,1055000,5,4.4
206539,Đồng hồ CASIO Timeless 22 mm Nữ LTP-V007L-9EUDF,Đồng hồ,https://cdn.tgdd.vn/Products/Images/7264/206539/casio-ltp-v007l-9eudf-nu-600x600.jpg,761000,5,4.6
231859,Đồng hồ ELIO Nắng Xuân 32 mm Nữ EL035-01,Đồng hồ,https://cdn.tgdd.vn/2024/09/timerseo/231859.jpg,629000,5,4.4
336484,Đồng hồ Citizen Tsuyosa 37 mm Unisex NJ0200-50X,Đồng hồ,https://cdnv2.tgdd.vn/mwg-static/tgdd/Products/Images/7264/336484/citizen-nj0200-50x-unisex-thumb-638799883602109456-600x600.jpg,10952000,1,3.0
320543,Đồng hồ Elio Color Pop 38 mm Unisex ESS11-02,Đồng hồ,https://cdn.tgdd.vn/Products/Images/7264/320543/elio-ess11-02-unisex-thumb-600x600.jpg,629000,5,5.0
340737,Đồng hồ Casio Vintage 29.8 mm Unisex AQ-230A-7AMQYDF,Đồng hồ,https://cdnv2.tgdd.vn/mwg-static/tgdd/Products/Images/7264/340737/casio-aq-230a-7amqydf-unisex-thumb-638900061938682763-600x600.jpg,1308000,1,4.0
208417,Đồng hồ CASIO Timeless 40 mm Nam MTP-V004L-7AUDF,Đồng hồ,https://cdn.tgdd.vn/Products/Images/7264/208417/casio-mtp-v004l-7audf-nam-avatar-1-600x600.jpg,816000,5,4.2
220748,Đồng hồ ELIO 30.5 mm Nữ ES026-C2,Đồng hồ,https://cdn.tgdd.vn/2024/09/timerseo/220748.jpg,1096000,5,5.0
333716,Đồng hồ Casio Timeless 33.2 mm Nam F-94WA-9HDG,Đồng hồ,https://cdnv2.tgdd.vn/mwg-static/tgdd/Products/Images/7264/333716/casio-f-94wa-9hdg-nam-thumb-638727972507285123-600x600.jpg,561000,2,3.0
289339,Đồng hồ G-Shock 2100 45.4 mm Nam GA-2100-1A1DR,Đồng hồ,https://cdn.tgdd.vn/Products/Images/7264/289339/g-shock-ga-2100-1a1dr-nam-thumb-fix-600x600.jpg,3241000,5,5.0
278442,Đồng hồ ELIO Flower 30 mm Nữ ES120-02,Đồng hồ,https://cdn.tgdd.vn/Products/Images/7264/278442/elio-es120-02-nu-thumb-fix-600x600.jpg,0,5,4.4
358746,Đồng hồ Edifice Casio 40 mm Nam EFB-730L-7AVUDF,Đồng hồ,https://cdnv2.tgdd.vn/mwg-static/tgdd/Products/Images/7264/358746/casio-efb-730l-7avudf-nam-thumb-638981325974752658-600x600.jpg,4569000,1,4.0
305814,Đồng hồ G-SHOCK 5600 43.2 mm Nam GM-5600G-9DR,Đồng hồ,https://cdn.tgdd.vn/Products/Images/7264/305814/g-shock-gm-5600g-9dr-nam-thumb-600x600.jpg,5148000,1,3.0
207428,Đồng hồ ORIENT Bambino 40.5 mm Nam RA-AP0004S10B,Đồng hồ,https://cdn.tgdd.vn/Products/Images/7264/207428/orient-ra-ap0004s10b-nam-thum-600x600.jpg,6419000,5,3.6
283074,Đồng hồ EDIFICE 47 mm Nam EQB-1200HG-1ADR,Đồng hồ,https://cdn.tgdd.vn/Products/Images/7264/283074/edifice-eqb-1200hg-1adr-nam-thumb-fix-600x600.jpg,11323000,4,3.75
286440,Đồng hồ CASIO Timeless 40 mm Nam MTP-VT01GL-1B2UDF,Đồng hồ,https://cdn.tgdd.vn/Products/Images/7264/286440/casio-mtp-vt01gl-1b2udf-nam-thumb-600x600.jpg,1178000,5,4.8
286424,Đồng hồ CASIO Timeless 22 mm Nữ LTP-V007L-1BUDF,Đồng hồ,https://cdn.tgdd.vn/Products/Images/7264/286424/casio-ltp-v007l-1budf-nu-1-1-600x600.jpg,761000,5,4.8
252154,Đồng hồ G-SHOCK 46 mm Nam GBX-100NS-1DR,Đồng hồ,https://cdn.tgdd.vn/Products/Images/7264/252154/g-shock-gbx-100ns-1dr-nam-600x600.jpg,5351000,5,4.0
241145,Đồng hồ CITIZEN 42 mm Nam AN8190-51A,Đồng hồ,https://cdn.tgdd.vn/Products/Images/7264/241145/citizen-an8190-51a-nam-600x600.jpg,5002000,5,5.0
241146,Đồng hồ CITIZEN 42 mm Nam AN8190-51L,Đồng hồ,https://cdn.tgdd.vn/Products/Images/7264/241146/citizen-an8190-51l-nam-600x600.jpg,5002000,5,4.8
361700,Loa Bluetooth Alpha Works AW-TREK 12,Âm thanh,https://cdnv2.tgdd.vn/mwg-static/tgdd/Products/Images/2162/361700/loa-bluetooth-alpha-works-aw-trek-12-thumb-639040875847155450-600x600.jpg,590000,2,3.0
311100,Loa Bluetooth JBL Partybox Encore 2Mic,Âm thanh,https://cdn.tgdd.vn/Products/Images/2162/311100/loa-bluetooth-jbl-partybox-encore-2mic-thumb-5-600x600.jpg,7900000,5,5.0
251230,Loa Bluetooth JBL Charge 5,Phụ kiện,https://cdnv2.tgdd.vn/mwg-static/tgdd/Products/Images/2162/251230/bluetooth-jbl-charge-5-170625-111557-250-600x600.jpg,2990000,5,5.0
337464,Loa Bluetooth JBL Charge 6,Âm thanh,https://cdnv2.tgdd.vn/mwg-static/tgdd/Products/Images/2162/337464/loa-bluetooth-jbl-charge-6-070525-042114-655-600x600.jpg,4790000,5,3.8
356824,Loa Bluetooth JBL Boombox 4,Âm thanh,https://cdnv2.tgdd.vn/mwg-static/tgdd/Products/Images/2162/356824/loa-bluetooth-jbl-boombox-4-thumb-3-638956037727533099-600x600.jpg,13900000,1,4.0
337463,Loa Bluetooth JBL Flip 7,Âm thanh,https://cdnv2.tgdd.vn/mwg-static/tgdd/Products/Images/2162/337463/loa-bluetooth-jbl-flip-7-160525-022117-037-600x600.jpg,3520000,5,4.4
355726,Loa Bluetooth Alpha Works AW-IKON10,Âm thanh,https://cdnv2.tgdd.vn/mwg-static/tgdd/Products/Images/2162/355726/loa-bluetooth-alpha-works-aw-ikon10-thumb-638943946777409587-600x600.jpg,890000,3,2.67
341754,Loa Bluetooth Xiaomi Sound Party,Phụ kiện,https://cdnv2.tgdd.vn/mwg-static/tgdd/Products/Images/2162/341754/loa-bluetooth-xiaomi-sound-party-020825-015109-590-600x600.jpg,2590000,5,4.2
326193,Loa Bluetooth JBL Go 4,Âm thanh,https://cdnv2.tgdd.vn/mwg-static/tgdd/Products/Images/2162/326193/loa-bluetooth-jbl-go-4-170625-111013-924-600x600.jpg,1070000,5,4.6
327436,Loa Bluetooth JBL Clip 5,Âm thanh,https://cdnv2.tgdd.vn/mwg-static/tgdd/Products/Images/2162/327436/loa-bluetooth-jbl-clip-5-170625-110606-208-600x600.jpg,1790000,5,4.6
286271,Loa Bluetooth JBL Flip 6,Âm thanh,https://cdn.tgdd.vn/Products/Images/2162/286271/bluetooth-jbl-flip-6-do-thumbbb-600x600.jpg,2935000,5,3.8
312682,Loa Bluetooth Sony SRS-XB100,Âm thanh,https://cdnv2.tgdd.vn/mwg-static/tgdd/Products/Images/2162/312682/loa-bluetooth-sony-srs-xb100-050325-015315-823-600x600.jpg,1090000,5,3.6
327958,Loa Bluetooth Sony ULT10 Field 1,Âm thanh,https://cdnv2.tgdd.vn/mwg-static/tgdd/Products/Images/2162/327958/loa-bluetooth-sony-ult-field-1-190924-044108-595-600x600.jpg,2090000,5,5.0
339754,Loa Bluetooth Sony SRS-ULT50 Field 5,Âm thanh,https://cdnv2.tgdd.vn/mwg-static/tgdd/Products/Images/2162/339754/loa-bluetooth-sony-srs-ult50-300625-042639-206-600x600.jpg,6490000,2,4.0
327959,Loa Bluetooth Sony ULT70 Field 7,Âm thanh,https://cdnv2.tgdd.vn/mwg-static/tgdd/Products/Images/2162/327959/loa-karaoke-sony-ult-field-7-120625-035857-660-600x600.jpg,9190000,1,3.0
302677,Bộ loa thanh Sony HT-S400 330W,Âm thanh,https://cdn.tgdd.vn/Products/Images/2162/302677/302677-600x600.jpg,5490000,5,3.6
226084,Bộ loa thanh Sony HT-S20R 400W,Âm thanh,https://cdn.tgdd.vn/Products/Images/2162/226084/226084-600x600.jpg,5490000,5,2.6
273221,Bộ loa thanh Sony HT-S40R 600W,Âm thanh,https://cdn.tgdd.vn/Products/Images/2162/273221/273221-600x600.jpg,7190000,5,3.4
341531,Bộ loa thanh Sony BRAVIA Theatre System 6 HT-S60 1000W,Âm thanh,https://cdnv2.tgdd.vn/mwg-static/dmx/Products/Images/2162/341531/bo-loa-thanh-sony-ht-s60-thumb-638894096512046196-300x300.jpg,13490000,1,5.0
329603,Loa Bluetooth Marshall Willen II,Âm thanh,https://cdnv2.tgdd.vn/mwg-static/tgdd/Products/Images/2162/329603/loa-bluetooth-marshall-willen-ii-060924-035906-600x600.jpg,2700000,1,5.0
329604,Loa Bluetooth Marshall Emberton III,Âm thanh,https://cdnv2.tgdd.vn/mwg-static/tgdd/Products/Images/2162/329604/loa-bluetooth-marshall-emberton-iii-010725-021900-435-600x600.jpg,4770000,1,5.0
325336,Loa Bluetooth Marshall Acton III,Âm thanh,https://cdnv2.tgdd.vn/mwg-static/tgdd/Products/Images/2162/325336/loa-bluetooth-marshall-acton-iii-010725-022652-071-600x600.jpg,7070000,1,5.0
325338,Loa Bluetooth Marshall Woburn III,Âm thanh,https://cdnv2.tgdd.vn/mwg-static/tgdd/Products/Images/2162/325338/loa-bluetooth-marshall-woburn-iii-010725-024734-547-600x600.jpg,15990000,2,1.0
333742,Loa Bluetooth Harman Kardon Onyx Studio 9,Âm thanh,https://cdnv2.tgdd.vn/mwg-static/tgdd/Products/Images/2162/333742/loa-bluetooth-harman-kardon-onyx-studio-9-281224-025338-344-600x600.jpg,6490000,3,5.0
319700,Loa Bluetooth Harman Kardon Luna,Âm thanh,https://cdnv2.tgdd.vn/mwg-static/tgdd/Products/Images/2162/319700/loa-bluetooth-harman-kardon-luna-200225-035825-324-600x600.jpg,4210000,5,5.0
242835,Loa Bluetooth Harman Kardon SoundSticks 4,Âm thanh,https://cdn.tgdd.vn/Products/Images/2162/242835/bluetooth-harman-kardon-soundsticks-4-140223-040818-600x600.jpeg,0,5,4.8
223678,Bộ loa thanh Samsung HW-T420 150W,Âm thanh,https://cdn.tgdd.vn/Products/Images/2162/223678/223678-600x600.jpg,1990000,5,4.0
339583,Bộ loa thanh Samsung HW-Q600F/XV 380W,Âm thanh,https://cdnv2.tgdd.vn/mwg-static/dmx/Products/Images/2162/339583/bo-loa-thanh-samsung-hw-q600f-xv-thumb-638862771963640466-300x300.jpg,4990000,5,3.8
358173,Loa tháp di động dạng kéo Samsung MX-ST50F 240W,Âm thanh,https://cdnv2.tgdd.vn/mwg-static/tgdd/Products/Images/2162/358173/loa-keo-karaoke-samsung-mx-st50f-240w-thumb-638971816593083082-600x600.jpg,7990000,5,5.0
339585,Bộ loa thanh Samsung HW-B450F/XV 300W,Âm thanh,https://cdnv2.tgdd.vn/mwg-static/dmx/Products/Images/2162/339585/bo-loa-thanh-samsung-hw-b450f-xv-thumb-638862879388491339-300x300.jpg,2390000,1,3.0
286312,Loa Tháp Samsung MX-T40/XV,Âm thanh,https://cdnv2.tgdd.vn/mwg-static/tgdd/Products/Images/2162/286312/loa-thap-samsung-mx-t40-xv-thumb-638703043049104931-600x600.jpg,0,5,3.2
304783,Bộ loa thanh Samsung HW-C450/XV 300W,Âm thanh,https://cdn.tgdd.vn/Products/Images/2162/304783/304783-600x600.jpg,4290000,5,5.0
325089,Bộ loa thanh LG S40T 300W,Âm thanh,https://cdn.tgdd.vn/Products/Images/2162/325089/dan-loa-lg-s40t-0-600x600.jpg,2690000,3,3.67
309067,Bộ loa thanh LG SC9S 400W,Âm thanh,https://cdn.tgdd.vn/Products/Images/2162/309067/309067-600x600.jpg,6990000,5,5.0
223478,Loa điện karaoke LG Xboom RN5 300W,Âm thanh,https://cdn.tgdd.vn/Products/Images/2162/223478/loa-karaoke-lg-rn5-070423-023542-600x600.jpg,0,5,2.8
325087,Bộ loa thanh LG S70TY 400W,Âm thanh,https://cdn.tgdd.vn/Products/Images/2162/325087/dan-loa-lg-s70ty-0-1-600x600.jpg,3990000,1,5.0
339488,Bộ loa thanh LG S60T 340W,Âm thanh,https://cdnv2.tgdd.vn/mwg-static/dmx/Products/Images/2162/339488/dan-loa-lg-s60t-thumb-638858512428219810-300x300.jpg,3190000,1,1.0
339489,Loa thanh LG S20A 50W,Âm thanh,https://cdnv2.tgdd.vn/mwg-static/dmx/Products/Images/2162/339489/loa-thanh-lg-s20a-thumb-638858412574316452-300x300.jpg,1690000,3,3.33
302671,Loa Bluetooth Monster Superstar S320,Âm thanh,https://cdn.tgdd.vn/Products/Images/2162/302671/loa-bluetooth-monster-superstar-s320-190423-114312-600x600.jpg,990000,5,4.6
302686,Loa Bluetooth Monster Adventurer FORCE,Âm thanh,https://cdn.tgdd.vn/Products/Images/2162/302686/loa-bluetooth-monster-adventurer-force-thumb-2-600x600.jpg,1490000,5,5.0
333749,Loa Bluetooth Monster TRAVELER,Âm thanh,https://cdnv2.tgdd.vn/mwg-static/tgdd/Products/Images/2162/333749/loa-bluetooth-monster-traveler-030125-095501-960-600x600.jpg,4400000,1,4.0
304547,Loa Bluetooth Monster Sparkle,Âm thanh,https://cdn.tgdd.vn/Products/Images/2162/304547/loa-bluetooth-monster-sparkle-thumb-5-600x600.jpg,1550000,5,4.0
324098,Loa Bluetooth Monster Musicbox MS22150,Âm thanh,https://cdn.tgdd.vn/Products/Images/2162/324098/loa-bluetooth-monster-musicbox-ms22150-thumb-600x600.jpg,1200000,1,1.0
324108,Loa Bluetooth Monster S310 Superstar MS11902,Âm thanh,https://cdn.tgdd.vn/Products/Images/2162/324108/loa-bluetooth-monster-s310-superstar-ms11902-300324-062330-600x600.jpg,820000,1,5.0
327607,Loa Bluetooth Xiaomi Sound Outdoor,Âm thanh,https://cdnv2.tgdd.vn/mwg-static/tgdd/Products/Images/2162/327607/loa-bluetooth-xiaomi-sound-outdoor-111124-114517-879-600x600.jpg,1270000,5,4.4
327608,Loa Bluetooth Xiaomi Sound Pocket,Âm thanh,https://cdnv2.tgdd.vn/mwg-static/tgdd/Products/Images/2162/327608/loa-bluetooth-xiaomi-sound-pocket-030724-104944-600x600.jpg,580000,5,5.0
332004,Loa Bluetooth Xiaomi Mini,Âm thanh,https://cdnv2.tgdd.vn/mwg-static/tgdd/Products/Images/2162/332004/loa-bluetooth-xiaomi-mini-121124-032504-723-600x600.jpg,780000,1,5.0
327367,Loa Bluetooth Alpha Works AW-Ride,Âm thanh,https://cdnv2.tgdd.vn/mwg-static/tgdd/Products/Images/2162/327367/loa-bluetooth-alpha-works-aw-ride-060125-100656-248-600x600.jpg,390000,5,4.2
322796,Loa Bluetooth Alpha Works AW-W88,Âm thanh,https://cdnv2.tgdd.vn/mwg-static/tgdd/Products/Images/2162/322796/loa-bluetooth-alpha-works-aw-w88-110324-024720-600x600.jpg,2090000,5,5.0
333893,Loa Bluetooth Alpha Works AW- SONIK Plus,Âm thanh,https://cdnv2.tgdd.vn/mwg-static/tgdd/Products/Images/2162/333893/loa-bluetooth-alpha-works-aw-sonik-plus-090125-113848-938-600x600.jpg,890000,3,2.67
338428,Loa Bluetooth Party Alpha Works Sonik 120 VNE,Âm thanh,https://cdnv2.tgdd.vn/mwg-static/tgdd/Products/Images/2162/338428/loa-bluetooth-party-alpha-works-sonik-120-230525-110824-497-600x600.jpg,3190000,5,3.4
344851,Loa Bluetooth Alpha Works AW-W39,Âm thanh,https://cdnv2.tgdd.vn/mwg-static/tgdd/Products/Images/2162/344851/loa-bluetooth-alpha-works-aw-w39-thumb02-638932192694449911-600x600.jpg,1490000,3,5.0
214636,Loa kéo karaoke Dalton TS-18G850X 850W,Âm thanh,https://cdnv2.tgdd.vn/mwg-static/tgdd/Products/Images/2162/214636/dalton-ts-18g850x-270223-020450-600x600.jpg,12990000,5,3.0
278932,Loa điện karaoke Dalton TS-18A8500 3000W,Âm thanh,https://cdn.tgdd.vn/Products/Images/2162/278932/loa-dien-karaoke-dalton-ts-18a8500-3000w-270223-023623-600x600.jpg,22990000,5,2.6
324934,Loa kéo karaoke Dalton TS-15A6500,Âm thanh,https://cdn.tgdd.vn/Products/Images/2162/324934/loa-karaoke-dalton-ts-15a6500-thumb-3-600x600.jpg,16490000,5,3.4
321157,Loa Karaoke Dalton K220C,Âm thanh,https://cdn.tgdd.vn/Products/Images/2162/321157/loa-karaoke-xach-tay-dalton-k220c-200124-054543-600x600.jpg,9990000,5,4.6
342715,Loa karaoke xách tay Dalton K225C 900W,Âm thanh,https://cdnv2.tgdd.vn/mwg-static/dmx/Products/Images/2162/342715/loa-karaoke-xach-tay-dalton-k225c-900w-thumb-ksp-638918584378119496-300x300.jpg,12990000,1,1.0
226090,Loa kéo karaoke Dalton TS-12G450X 500W,Âm thanh,https://cdn.tgdd.vn/Products/Images/2162/226090/loa-karaoke-dalton-ts-12g450x-270223-020754-600x600.jpg,8290000,5,3.2
342633,Loa điện karaoke Dalton DA-21A3000 3000W,Âm thanh,https://cdnv2.tgdd.vn/mwg-static/dmx/Products/Images/2162/342633/loa-dien-karaoke-dalton-da-21a3000-3000w-thumb-ksp-638918570253454044-300x300.jpg,19990000,1,5.0
297271,Loa Bluetooth JBL Partybox 310,Âm thanh,https://cdn.tgdd.vn/Products/Images/2162/297271/loa-bluetooth-jbl-partybox-310-thumb-600x600.jpeg,14625000,1,5.0
325332,Loa Bluetooth Marshall Middleton,Âm thanh,https://cdnv2.tgdd.vn/mwg-static/tgdd/Products/Images/2162/325332/loa-bluetooth-marshall-middleton-kem-thumb-600x600.jpg,7945000,3,4.67
293654,Loa Bluetooth Harman Kardon Onyx Studio 8,Âm thanh,https://cdnv2.tgdd.vn/mwg-static/tgdd/Products/Images/2162/293654/loa-bluetooth-harman-kardon-onyx-studio-8-180625-034212-656-600x600.jpg,6860000,5,3.8
336355,Pin sạc dự phòng 25000mAh Type C PD QC 3.0 165W Anker Zolo A1695 kèm cáp dây rút Type C,Phụ kiện,https://cdnv2.tgdd.vn/mwg-static/tgdd/Products/Images/57/336355/pin-sac-du-phong-25000mah-type-c-pd-qc-3-0-165w-anker-zolo-a1695-kem-cap-thumb-638942197395592306-600x600.jpg,1400000,5,5.0
329241,Camera IP 360 Độ EZVIZ TY1,Phụ kiện,https://cdnv2.tgdd.vn/mwg-static/tgdd/Products/Images/4728/329241/camera-ip-360-do-3mp-ezviz-ty1-thumb-1-638665876017214332-600x600.jpg,450000,5,3.0
333561,Tai nghe Bluetooth True Wireless Xiaomi Redmi Buds 6,Phụ kiện,https://cdnv2.tgdd.vn/mwg-static/tgdd/Products/Images/54/333561/tai-nghe-tws-xiaomi-redmi-buds-6-251224-104719-335-600x600.jpg,1080000,5,4.4
310234,Pin sạc dự phòng Polymer 10000mAh Type C PD 22.5W Baseus Comet PPMD10 kèm cáp Lightning và Type C,Phụ kiện,https://cdn.tgdd.vn/Products/Images/57/310234/sac-du-phong-10000mah-typecpd-22-5w-baseus-ppmd10-cap-lightning-va-typec-thumb-2-600x600.jpg,490000,5,4.0
325086,Camera IP 360 Độ IMOU TA32CP-L,Phụ kiện,https://cdnv2.tgdd.vn/mwg-static/tgdd/Products/Images/4728/325086/camera-ip-360-do-3mp-imou-ta32cp-l-trang-thumb-639038219581697549-600x600.jpg,450000,5,4.0
328734,Loa Bluetooth Sounarc P1 Portable Speaker,Phụ kiện,https://cdnv2.tgdd.vn/mwg-static/tgdd/Products/Images/2162/328734/loa-bluetooth-sounarc-p1-portable-speaker-021024-051100-772-600x600.jpg,250000,1,1.0
341121,Bộ Bàn Phím Chuột Bluetooth Logitech MK250,Phụ kiện,https://cdnv2.tgdd.vn/mwg-static/tgdd/Products/Images/4547/341121/bo-ban-phim-chuot-bluetooth-logitech-mk250-210725-042039-677-600x600.jpg,590000,3,2.0
339125,Bàn Phím Có Dây Gaming Dareu LK145,Phụ kiện,https://cdnv2.tgdd.vn/mwg-static/tgdd/Products/Images/4547/339125/ban-phim-co-day-gaming-dareu-lk145-040625-035334-440-600x600.jpg,290000,5,2.2
362516,Bàn Phím Bluetooth HyperWork SilentKey Mini,Phụ kiện,https://cdnv2.tgdd.vn/mwg-static/tgdd/Products/Images/4547/362516/ban-phim-bluetooth-hyperwork-silentkey-mini-thumb-639060715334381865-600x600.jpg,745000,1,5.0
